,Job_Title,Company_Name,Job_Location,Required_Experience,Full_Job_Description
0,FinTech Data Engineer,Acesoft Labs (India) Pvt Ltd,Dubai - United Arab Emirates (UAE),4 - 8 Years,"Develop scalable data pipelines for financial data, ensuring data quality and governance using Python, SQL, and ETL tools."
1,Data Engineer,Dicetek LLC,Abu Dhabi - United Arab Emirates (UAE),5 - 8 Years,"Develop scalable ETL/ELT pipelines and data integration solutions using cloud technologies, supporting AI/ML workloads and ensuring data quality."
2,Data Engineer,Acesoft Labs (India) Pvt Ltd,Dubai - United Arab Emirates (UAE),4 - 9 Years,"Seeking a Data Engineer skilled in PySpark, SQL, and Databricks to develop scalable data pipelines and optimize data processing solutions."
3,Data Engineer,Confidential Company,"Wakra , Doha - Qatar",5 - 10 Years,"Design, develop, and maintain data ingestion, transformation, and orchestration pipelines using Microsoft Fabric and Azure Data Factory (ADF). Build and manage ETL/ELT processes..."
4,Senior Data Engineer (Arabic Speaker),Dicetek LLC,Dubai - United Arab Emirates (UAE),10 - 15 Years,"Design and maintain data pipelines, optimize ETL processes, and implement data warehousing solutions; requires expertise in data transformation, orchestration, and NoSQL databases."
5,Data Engineer/Test,Confidential Company,Abu Dhabi - United Arab Emirates (UAE),5 - 10 Years,"Design and maintain data pipelines, implement automated testing for data quality, and optimize data warehouse performance; requires proficiency in SQL and programming skills."
6,Senior Data Engineer (Investment Data),Luxoft,Abu Dhabi - United Arab Emirates,5 - 10 Years,"Seeking a Data Engineer to design and optimize data pipelines using PySpark and Databricks, with strong data governance and production experience."
7,Senior Data Engineer,Luxoft,Abu Dhabi - United Arab Emirates,7 - 30 Years,"Develop and operate Databricks/Spark pipelines, ensure data quality, manage schema evolution, and possess expertise in Azure services and data engineering."
8,Senior Data Engineer,Iitjobs Inc.,Muscat - Oman,7 - 12 Years,"Seeking a skilled professional with expertise in SQL Server Integration Services, ETL development, and data migration to drive innovation and business growth."
9,Senior Data Engineer,Iitjobs Inc.,Muscat - Oman,7 - 10 Years,"Design and develop SSIS packages and ETL workflows, requiring strong SQL Server Integration Services, T-SQL, and data migration skills."
10,Senior Data Engineer (Flink),SSC Egypt,Cairo - Egypt,3 - 8 Years,"Build and manage real-time streaming pipelines using Apache Flink, Kafka, and data modeling for analytics, ensuring low latency and job recovery."
11,Senior Consultant - Data Engineering,MAIR GROUP - P.J.S.C,Abu Dhabi - United Arab Emirates (UAE),5 - 10 Years,"Design and implement scalable data platforms on Snowflake for retail analytics Build and optimize ELT pipelines for retail data (POS, e-commerce, CRM, inventory, supply chain) L..."
12,"Manager - Model Implementation, Data Engineering and IFRS9 Risk Data",Nair Systems LLC,"Abu Dhabi , Dubai , Al Ain - United Arab Emirates (UAE)",6 - 12 Years,"Lead the design and implementation of ETL pipelines and credit risk data management for IFRS9 compliance, utilizing SQL and Python in a banking environment."
13,Data Engineer,Al Gurg Group,Dubai - United Arab Emirates (UAE),5 - 8 Years,"The role involves preparing enterprise data for AI use cases, ensuring data quality, governance, and collaboration with engineering teams on data pipelines."
14,Snowflake Data Engineer,Applycup Solutions (Client Confidential),Dubai - United Arab Emirates (UAE),8 - 15 Years,"Design, develop, and maintain scalable data pipelines using Snowflake. Build and optimize ELT workflows using dbt. Develop and orchestrate data pipelines using Apache Airflow. D..."
15,Snowflake Data Engineer,Applycup Solutions (Client Confidential),Dubai - United Arab Emirates (UAE),8 - 15 Years,"Design, develop, and maintain scalable data pipelines using Snowflake. Build and optimize ELT workflows using dbt. Develop and orchestrate data pipelines using Apache Airflow. D..."
16,Data Engineer,Dicetek LLC,Dubai - United Arab Emirates (UAE),4 - 8 Years,"Design and implement data pipelines, optimize ETL processes, ensure data quality, and collaborate with teams using SQL and cloud technologies."
17,Data Engineer,CME,Beirut - Lebanon,5 - 10 Years,"Build resilient data pipelines, manage storage formats, and ensure data quality while collaborating with stakeholders; requires strong SQL, Python, and data engineering skills."
18,Senior Data Engineer,Big Data Technology Solutions,Dubai - United Arab Emirates,5 - 10 Years,"Seeking a skilled Data Engineer for technical support of enterprise data platforms, focusing on ETL, data quality, and governance."
19,Pyspark Data Engineer,Clover Infotech,Dubai - United Arab Emirates,1 - 5 Years,"Design, develop, and maintain scalable data pipelines using PySpark on Cloudera Data Platform, ensuring data quality and implementing best practices."
20,Lead Data Engineer,Coforge,Dubai - United Arab Emirates,5 - 10 Years,"Design, develop, and maintain scalable data pipelines and solutions, ensuring data quality and collaborating with teams on data engineering best practices."
21,Senior Data Engineer,Future Look ITC,Riyadh - Saudi Arabia,1 - 6 Years,Design and build scalable data pipelines and infrastructure for artificial intelligence models and analytics platforms as a Senior Data Engineer.
22,Senior Data Engineer,Client of Salt,Abu Dhabi - United Arab Emirates,5 - 10 Years,"Build scalable data pipelines and products using Python, SQL, and cloud platforms, ensuring data quality and supporting AI workloads."
23,Data Engineer BigQuery / SQL / Python / GCP,ALTEN,Morocco - Morocco,3 - 5 Years,"Design and develop data pipelines, optimize SQL and BigQuery, ensure data quality, and collaborate with teams using Python and GCP."
24,"Senior Data Engineer - Systems Architecture, Design & Development",Wynn Al Marjan Island,Ras Al Khaimah - United Arab Emirates,5 - 10 Years,"Design and optimize ETL pipelines using SQL, Python, and Snowflake; develop data warehouses and support analytics with strong data engineering skills."
25,Data Engineer Snowflake,Capco,Qatar - Qatar,5 - 10 Years,"Deliver cloud-native data engineering solutions using Snowflake, SQL, and Python, while mentoring junior colleagues and optimizing data platforms."
26,Senior Data Engineer,Flairstech,Cairo - Egypt,4 - 9 Years,"Design and maintain scalable data pipelines on Google Cloud Platform, ensuring data quality and collaborating with cross-functional teams to deliver reliable solutions."
27,Data Engineer,Flairstech,Egypt - Egypt,1 - 6 Years,"Transform raw geospatial and demographic data through acquisition, cleansing, and integration while collaborating with teams and managing databases."
28,Integration and Data Engineer,Client of Premier Services & Recruitment,Cairo - Egypt,3 - 5 Years,"Responsible for designing and maintaining data pipelines and integrations, requiring strong ETL experience, data modeling skills, and cloud service familiarity."
29,Senior Data Engineer,tabby,Riyadh - Saudi Arabia,3 - 5 Years,"Seeking a Data Engineer to develop scalable data processing systems, integrate tools, and utilize Python, SQL, and various technologies including Google Cloud Platform."
30,Data Engineer,Intelligent Systems ISYS,Cairo - Egypt,2 - 7 Years,"Seeking a data engineer experienced in big data, frontend technologies, and client-facing roles to solve operational problems using modern tools."
31,Data Engineer - Customer 360 & CRM L3 (Senior),Mal.AI,United Arab Emirates - United Arab Emirates,5 - 10 Years,"Build a data platform for Customer 360 and CRM, focusing on identity resolution, data governance, and advanced analytics using SQL and Python."
32,Pavement Data Engineer,Client of Guildhall,Qatar - Qatar,5 - 10 Years,"Manage pavement condition data analysis, validate datasets, convert data into maintenance reports, and coordinate with engineering teams for road operations."
33,"Data Engineer - DMP, Streaming & Analytics",Yassir,Algiers - Algeria,5 - 10 Years,"The role involves owning data pipelines, real-time event processing, and audience computation, requiring strong judgment and expertise in data engineering."
34,Senior Data Engineer,Flairstech,Qatar - Qatar,1 - 6 Years,"Support and maintain Informatica platforms, troubleshoot performance issues, implement security measures, and ensure data quality and governance best practices."
35,Data Engineer,ALTEN,Morocco - Morocco,1 - 3 Years,"Design and maintain data processing pipelines using Python, integrate diverse data sources, and develop business applications with strong skills in SQL and Power BI."
36,Data Engineering Lead,Bosta,Cairo - Egypt,6 - 8 Years,"Lead data engineering team, design scalable data architectures, manage projects, ensure data quality, and mentor engineers with strong SQL and ETL skills."
37,Data Engineering Tech Lead,Deloitte,Egypt - Egypt,7 - 12 Years,"Lead a team to design and implement data pipelines, optimize systems, and integrate solutions while managing projects and communicating effectively."
38,Senior Specialist - Data Engineering,Qiddiya Investment Company,Riyadh - Saudi Arabia,1 - 7 Years,"As a Senior Data Engineer, you will use various methods to transform raw data into useful data systems. Collaborate closely with cross-functional teams to ensure the availabilit..."
39,Senior Data Engineer,aspire,Jordan - Jordan,5 - 8 Years,"Design and optimize scalable data platforms, develop ETL pipelines, ensure data quality, and collaborate with teams using cloud technologies and data engineering best practices."
40,Data Engineer (L1) - Remote,Deepsource Technologies,Cairo - Egypt,2 - 7 Years,"Responsible for designing and maintaining data architecture, developing data solutions, with strong Python, Pandas, PySpark, and SQL skills."
41,"Data Engineering, Senior Tech Lead",Deloitte,Egypt - Egypt,10 - 30 Years,"Lead data engineering solutions, manage stakeholder relationships, and utilize cloud platforms and programming languages to solve complex problems."
42,Data Engineer,Contango,Abu Dhabi - United Arab Emirates,3 - 8 Years,"We are seeking an experienced Data Engineer to design, build, and operate scalable, secure, and reliable data pipelines and platforms that power analytics and AI solutions for c..."
43,Data Engineer,Nawy,Egypt - Egypt,1 - 6 Years,"Seeking a motivated Data Engineer to manage data quality, build scalable pipelines, and collaborate with teams using SQL, Python, and cloud technologies."
44,Senior Lead Data Engineer - Databricks,Integrant Inc,Egypt - Egypt,10 - 15 Years,"Drive design and maintenance of data analytical solutions using Microsoft technologies, mentor junior engineers, and possess expertise in data warehousing and cloud solutions."
45,"Data Engineer, Associate",PricewaterhouseCoopers,Cairo - Egypt,1 - 3 Years,"The role involves designing data infrastructure, implementing data pipelines, and requires skills in Azure Data Factory, data modeling, and cloud analytics solutions."
46,Data Modeler / Big Data Engineer,TAWANTECH,Riyadh - Saudi Arabia,5 - 7 Years,"Design scalable data architectures, manage Data Lake environments, and support data governance with strong SQL and Cloudera knowledge."
47,Senior Data Engineer,SSC Egypt,Cairo - Egypt,5 - 10 Years,"Analyze diverse data sources, perform data profiling and matching, manage master data, build ETL pipelines, and ensure data governance and optimization."
48,Data Engineer (ETL),Luxoft,Cairo - Egypt,1 - 6 Years,"Responsible for designing and maintaining ETL pipelines, integrating data from various sources, and ensuring data quality and security in cloud environments."
49,Data Engineer,SSC Egypt,Cairo - Egypt,3 - 5 Years,"The Job Holder is Responsible to Builds and maintains data pipelines, ETL/ELT processes, and data integration solutions that move and transform data across the data platform to ..."
50,"Data Engineer, Senior Associate",PricewaterhouseCoopers,Cairo - Egypt,3 - 8 Years,"Design and optimize data platforms on Azure and Databricks, implementing ETL processes and ensuring data quality for advanced analytics."
51,Snowflake Data Engineer,SQLI,Rabat - Morocco,3 - 6 Years,"Design and optimize data management solutions on Snowflake, ensuring data quality and integrating various sources while collaborating with technical teams."
52,Senior Data Engineer,Mondia Media,Cairo - Egypt,3 - 8 Years,"As Sr Data Engineer you will drive the design, deployment, and continuous optimization of scalable data pipelines that ingest and process a wide variety of structured and unstru..."
53,Senior Data Engineer,Robusta Studio,Jeddah - Saudi Arabia,5 - 10 Years,"Lead technical design and implementation of an AI-ready Data Lakehouse platform, focusing on data pipeline development, architecture, and scalable distributed systems."
54,Senior Data Engineer,Mindera,Casablanca - Morocco,3 - 5 Years,"Key responsibilities include designing data infrastructure, building data models, and collaborating with teams using SQL, Python, and Azure services."
55,Data Architects / Data Engineers - Telecom & OSS,Capgemini,Morocco - Morocco,5 - 10 Years,"At Capgemini Engineering, the world leader in engineering services, we bring together a global team of engineers, scientists, and architects to help the world s most innovative ..."
56,Azure Data Engineer,Ghobash Group,Dubai - United Arab Emirates,1 - 6 Years,"The Azure Data Engineer is responsible for designing, implementing, and managing robust data solutions to meet business needs. This includes overseeing data pipelines, Azure dat..."
57,Senior Data Engineer,Bamboo Card,Dubai - United Arab Emirates,5 - 7 Years,"Design and build a scalable data platform, develop ETL pipelines, create Power BI dashboards, and leverage AI for predictive analytics."
58,Data Engineer,SQLI,"Casablanca - Morocco , Rabat - Morocco",3 - 6 Years,"Responsible for designing and maintaining ETL pipelines using Databricks, Python, and SQL, with a focus on data integration and quality."
59,Senior Data Engineer,Nawy,Egypt - Egypt,4 - 6 Years,"Collaborate with data scientists, analysts, and other stakeholders to understand data requirements and design appropriate solutions. Work closely with IT and infrastructure team..."
60,Infrastructure Data Engineer,Urban Ridge Supplies,Doha - Qatar,8 - 10 Years,Infrastructure Data Engineer Design and manage scalable data infrastructure to support operational and analytical systems.
61,Data Engineer Consultant,Total-TECH Co,Jeddah - Saudi Arabia,5 - 7 Years,"Design and build scalable data ingestion pipelines on Google Cloud Platform, optimize performance, and implement monitoring and automation strategies."
62,Senior Data Engineer,TAWANTECH,Riyadh - Saudi Arabia,4 - 9 Years,"Design and optimize scalable data platforms using Python, SQL, and big data technologies while ensuring data quality and regulatory compliance."
63,Senior Data Engineer,Silver Edge Arabia,Eastern Province - Saudi Arabia,5 - 7 Years,"The role involves optimizing data lakes for GenAI, designing ETL processes, collaborating with Data Scientists, and requires expertise in Python, SQL, and big data frameworks."
64,Cloudera Data Engineer,Midis Group,Dubai - United Arab Emirates,2 - 5 Years,"Seeking an experienced Cloudera Data Engineer to build big data pipelines, optimize workflows, and ensure data governance using Cloudera CDP, Hadoop, and Spark."
65,Data Engineer,flyadeal Egypt,Jeddah - Saudi Arabia,1 - 2 Years,"Responsible for managing SQL database objects, developing automation tests, and guiding the Data Engineering team in producing high-quality code."
66,Microsoft Fabric Data Engineer,Sucafina,Beirut - Lebanon,5 - 10 Years,"The role involves designing and optimizing enterprise-scale data platforms using Microsoft Fabric, focusing on data engineering, governance, and automation."
67,Data Engineer,Client of Involved Solutions,Dubai - United Arab Emirates,5 - 10 Years,"Design and maintain scalable data pipelines, ensuring data quality and reliability while collaborating with data scientists and engineers using Python and SQL."
68,Data Engineer (AMI),Client of Angel Gulf Jobs,Dubai - United Arab Emirates,3 - 8 Years,"Manage and optimize Advanced Metering Infrastructure data, develop data pipelines, ensure data quality, and support analytics for smart metering operations."
69,Data Engineer Cloudera,Client of MENA Consultant,Jeddah - Saudi Arabia,1 - 6 Years,"Support Cloudera data platform operations, monitor data pipelines, ensure data quality and security, and implement enhancements with strong analytical skills."
70,Senior Data Analyst / Data Engineer,BlackStone eIT,Dubai - United Arab Emirates,4 - 11 Years,"Design and optimize ETL/ELT data pipelines, maintain cloud data warehouses, implement data governance, and create automated dashboards using SQL and Python."
71,Senior Data Engineer,BlackStone eIT,Cairo - Egypt,5 - 10 Years,"Contribute to data architecture design, develop ETL pipelines, analyze data sources, and ensure data governance while collaborating with teams."
72,Mid/Senior Data Engineer,Yassir,"Alexandria - Egypt , Cairo - Egypt",3 - 7 Years,"Build centralized data lakes, develop data pipelines, ensure data quality, collaborate with teams, and utilize GCP services for data engineering tasks."
73,Mid/Senior Data Engineer,Yassir,Tunis - Tunisia,3 - 8 Years,"Responsibilities Build a centralized data lake on GCP data services by integrating diverse data sources throughout the enterprise. Develop, maintain, and optimize Spark-powered ..."
74,Technical Data Engineer,Apgar Group,Lebanon - Lebanon,1 - 5 Years,External missions You will be working on all the steps of Data Management solutions implementation You will take part in the design and the definition of the solutions’ architec...
75,PRINCIPAL DATA ENGINEER,Commercial International Bank,Giza - Egypt,6 - 11 Years,"Develop and maintain data models, apply ETL techniques, ensure data governance, and possess strong skills in data management and programming."
76,Data Engineer,SQLI,Rabat - Morocco,5 - 7 Years,"Design and implement data pipelines using PySpark, Azure Data Factory, and Azure Databricks, ensuring data quality and collaborating with business teams."
77,Senior Talend Data Engineer,SQLI,Rabat - Morocco,3 - 5 Years,"Responsible for designing and deploying data integration solutions using Talend, requiring skills in data engineering, cloud environments, and programming languages."
78,Data Engineer JAVA KAFKA,SQLI,Rabat - Morocco,2 - 7 Years,"Design and maintain data processing solutions using Java and Kafka, ensuring performance and scalability while collaborating with teams and optimizing data flows."
79,GCP (Google Cloud Platform) Data Engineer,SQLI,Rabat - Morocco,3 - 10 Years,"Responsible for designing, deploying, and optimizing data solutions on Google Cloud Platform, requiring skills in Python, SQL, and data visualization."
80,Senior Data Engineer,SQLI,Rabat - Morocco,5 - 10 Years,"Job Description In this key role, you will be responsible for designing and implementing BI, Analytics, and Big Data solutions. You will provide valuable and timely data analyti..."
81,Data Engineer MS Fabric PySpark (H/F),SQLI,Rabat - Morocco,3 - 6 Years,"Design and optimize data pipelines using PySpark and Azure Data Factory, ensuring data integration and performance in cloud environments."
82,Data Engineer DBT SQL,Devoteam International,Rabat - Morocco,2 - 7 Years,"Design, code, and deploy data pipelines using DBT, SQL, and GCP, while ensuring data quality and collaborating in an agile environment."
83,Senior Data Engineer,Mirai Arabian International Company Limited,Riyadh - Saudi Arabia,8 - 13 Years,"Our Generative AI products are only as good as the data behind them. This role owns that data layer from end to end: the pipelines that bring data in, the transformations that s..."
84,Associate Data Engineer,Capgemini,Morocco - Morocco,0 - 2 Years,"Participate in designing data pipelines, ensuring data collection and integration, developing ETL processes, and collaborating with analysts and scientists."
85,Data Engineer,Fixed Misr (FEDIS),Cairo - Egypt,0 - 3 Years,"Design, develop, and maintain data pipelines and architectures, ensuring data integrity and supporting analytics with strong SQL and programming skills."
86,Data Engineer (Mid/Senior),Yassir,Algiers - Algeria,3 - 8 Years,"Build centralized data lakes, develop data processing pipelines, ensure data quality, and collaborate with teams using GCP and PySpark."
87,Data Engineer,Client of Tandem Search,Dubai - United Arab Emirates,5 - 10 Years,"Design and maintain scalable data pipelines, manage data warehouses, and collaborate with teams while ensuring data governance and security best practices."
88,Data Engineer Talend,Client of MENA Consultant,Jeddah - Saudi Arabia,1 - 3 Years,"Seeking a Data Engineer Talend to optimize ETL/ELT pipelines, ensure data quality, and support operational activities with strong analytical skills."
89,Data Engineer,SQLI,Rabat - Morocco,2 - 6 Years,"Contribute to data projects, implement DevOps methodologies, and possess skills in Big Data, Scala/Java, CI/CD tools, and NoSQL databases."
